1,Debbie,Brothwood,debbie.brothwood@mail.com
2,Tudor,Smallpeice,tudor.smallpeice@mail.com
3,Charlie,Fidock,charlie.fidock@mail.com
4,Cherilyn,Adamiak,cherilyn.adamiak@mail.com
5,Easter,Blaasch,easter.blaasch@mail.com
6,Hortensia,Gabbotts,hortensia.gabbotts@mail.com
7,Shell,Henkmann,shell.henkmann@mail.com
8,Niel,Early,niel.early@mail.com
9,Cissiee,Wilfing,cissiee.wilfing@mail.com
10,Gregorio,Waterworth,gregorio.waterworth@mail.com
